dataset,total_return,annualized_return,annualized_volatility,sharpe_ratio,max_drawdown
train,8.745840615710517,0.2552355303057934,0.1,2.552355303057934,-0.08230855928508986
test,1.2051461958588847,0.10325435812630679,0.10049983152931832,1.0274082707908312,-0.1350894806221458
train_ml,7.578090719074979,0.23934192384154862,0.09807190203295311,2.44047396736659,-0.10463565422566924
test_ml,1.285208806766275,0.10815435717352284,0.08872836006223216,1.218937858173708,-0.1250628516568875
