dataset,total_return,annualized_return,annualized_volatility,sharpe_ratio,max_drawdown
train,8.80656136959411,0.2560141753230263,0.10000000000000003,2.560141753230262,-0.08142427405769594
test,1.2112393955263343,0.1036327060856197,0.10041503350201289,1.0320437336063062,-0.13216337211683288
train_ml,10.13028835268141,0.27199320905755675,0.10000000000000002,2.719932090575567,-0.10979107649341624
test_ml,1.5543093637490046,0.1235902168852756,0.10575104780715498,1.168690234735562,-0.1631270777885038
