state,mean_return,variance,is_risk_on
0,1.4794544792453618e-05,1.5763413467686922e-08,False
1,0.0002682180325862903,1.4290837128523515e-06,True
2,0.02860519921634553,1e-08,True
