state,mean_return,variance
0,9.611503858067894e-06,1.0233043114260625e-08
1,0.00024311164756418482,1.2044255940586186e-06
2,0.011514054575323333,1e-08
3,0.028481867966629906,1e-08
