state,mean_return,variance
0,1.3153759611151118e-05,1.4140664439375635e-08
1,0.0002647831050994116,1.3931441037278423e-06
2,0.02848792539713503,1e-08
