state,mean_return,variance
0,2.042047884667095e-05,2.3751364119200345e-08
1,0.00032268625150583453,2.3412545170566305e-06
