{
  "sharpe": 0.6476652761386212,
  "annual_return": 0.07064456569611988,
  "annual_vol": 0.11574321528262015,
  "max_drawdown": -0.07038375324556945,
  "annualized_turnover": 0.0,
  "turnover_proxy": 0.0,
  "periods": 89,
  "equity_final": 1.024400951205537,
  "fallback_used": false,
  "source": {
    "mode": "historical_test_data",
    "rows": 89,
    "train_rows": 218,
    "test_rows": 94,
    "assets": [
      "0005hkhkd",
      "0175hkhkd",
      "0386hkhkd"
    ]
  }
}