{
  "sharpe": 0.6263851143159448,
  "annual_return": 0.06433982717439468,
  "annual_vol": 0.10904349680661991,
  "max_drawdown": -0.06652179560282157,
  "annualized_turnover": 0.0,
  "turnover_proxy": 0.0,
  "periods": 89,
  "equity_final": 1.0222663821768287,
  "fallback_used": false,
  "source": {
    "mode": "historical_test_data",
    "rows": 89,
    "train_rows": 218,
    "test_rows": 94,
    "assets": [
      "0005hkhkd",
      "0175hkhkd",
      "0386hkhkd"
    ]
  }
}