{
  "ml_enabled": true,
  "modular_path_enabled": true,
  "regime_probabilities": [
    0.5,
    0.3736155679952305,
    0.5,
    0.45783017874680837,
    0.4622877006625501,
    0.5213718940062482,
    0.5760613403832889,
    0.5,
    0.5,
    0.5
  ],
  "rf_probabilities": [
    0.5,
    0.06618176775437577,
    0.5,
    0.2959852561326946,
    0.3154984138405635,
    0.6078740047849838,
    0.8279485626621743,
    0.5,
    0.5,
    0.5
  ],
  "blended_probabilities": [
    0.5,
    0.21989866787480314,
    0.5,
    0.3769077174397515,
    0.38889305725155676,
    0.564622949395616,
    0.7020049515227316,
    0.5,
    0.5,
    0.5
  ],
  "threshold": 0.55,
  "decisions": [
    0.0,
    0.0,
    0.0,
    0.0,
    0.0,
    1.0,
    1.0,
    0.0,
    0.0,
    0.0
  ],
  "scalar": [
    0.0,
    0.0,
    0.0,
    0.0,
    0.0,
    0.8516983595164928,
    0.9616039612181853,
    0.0,
    0.0,
    0.0
  ],
  "notes": "modular ml extraction path"
}