{
  "sharpe": 0.7474348782565864,
  "annual_return": 0.0728114295108957,
  "annual_vol": 0.1008949751677246,
  "max_drawdown": -0.09103389048002775,
  "annualized_turnover": 8.209560888598842,
  "turnover_proxy": 8.209560888598842,
  "periods": 430,
  "equity_final": 1.1274143680861517,
  "fallback_used": false,
  "source": {
    "mode": "historical_test_data",
    "rows": 430,
    "train_rows": 1017,
    "test_rows": 436,
    "assets": [
      "0005hkhkd",
      "0175hkhkd",
      "0386hkhkd",
      "0388hkhkd",
      "0700hkhkd",
      "0857hkhkd",
      "0883hkhkd",
      "0939hkhkd",
      "0941hkhkd",
      "0998hkhkd"
    ]
  }
}