{
  "sharpe": 0.747434878256586,
  "annual_return": 0.11651430639412452,
  "annual_vol": 0.16613816061510395,
  "max_drawdown": -0.1480251362960372,
  "annualized_turnover": 13.518228665225104,
  "turnover_proxy": 13.518228665225104,
  "periods": 430,
  "equity_final": 1.2069053073395977,
  "fallback_used": false,
  "source": {
    "mode": "historical_test_data",
    "rows": 430,
    "train_rows": 1017,
    "test_rows": 436,
    "assets": [
      "0005hkhkd",
      "0175hkhkd",
      "0386hkhkd",
      "0388hkhkd",
      "0700hkhkd",
      "0857hkhkd",
      "0883hkhkd",
      "0939hkhkd",
      "0941hkhkd",
      "0998hkhkd"
    ]
  }
}