{
  "sharpe": 0.6501272066762959,
  "annual_return": 0.07143173095863209,
  "annual_vol": 0.11658609685756939,
  "max_drawdown": -0.070866050974565,
  "annualized_turnover": 0.0,
  "turnover_proxy": 0.0,
  "periods": 89,
  "equity_final": 1.0246668870050408,
  "fallback_used": false,
  "source": {
    "mode": "historical_test_data",
    "rows": 89,
    "train_rows": 218,
    "test_rows": 94,
    "assets": [
      "0005hkhkd",
      "0175hkhkd",
      "0386hkhkd"
    ]
  }
}