{
  "ml_enabled": true,
  "modular_path_enabled": true,
  "regime_probabilities": [
    0.5,
    0.5,
    0.5,
    0.6332491264987564,
    0.5372980532152899,
    0.5
  ],
  "rf_probabilities": [
    0.5,
    0.5,
    0.5,
    0.9425422102554035,
    0.6826546284216373,
    0.5
  ],
  "blended_probabilities": [
    0.5,
    0.5,
    0.5,
    0.7878956683770799,
    0.6099763408184635,
    0.5
  ],
  "threshold": 0.55,
  "decisions": [
    0.0,
    0.0,
    0.0,
    1.0,
    1.0,
    0.0
  ],
  "scalar": [
    0.0,
    0.0,
    0.0,
    1.245474802052496,
    1.0319716089821562,
    0.0
  ],
  "notes": "modular ml extraction path"
}