{
  "sharpe": -0.287928295956351,
  "annual_return": -0.07985481445609044,
  "annual_vol": 0.21030513336977227,
  "max_drawdown": -0.25893108917974705,
  "annualized_turnover": 0.0,
  "turnover_proxy": 0.0,
  "periods": 359,
  "equity_final": 0.8881977179934742,
  "fallback_used": false,
  "source": {
    "mode": "historical_test_data",
    "rows": 359,
    "train_rows": 861,
    "test_rows": 369,
    "assets": [
      "0005hkhkd",
      "0175hkhkd",
      "0386hkhkd",
      "0388hkhkd",
      "0700hkhkd",
      "0857hkhkd"
    ]
  }
}