{
  "sharpe": 0.5614186772749996,
  "annual_return": 0.03428570169283618,
  "annual_vol": 0.0636575372493625,
  "max_drawdown": -0.06235756118132563,
  "annualized_turnover": 11.061122831812211,
  "turnover_proxy": 11.061122831812211,
  "periods": 430,
  "equity_final": 1.0592094364178641,
  "fallback_used": false,
  "source": {
    "mode": "historical_test_data",
    "rows": 430,
    "train_rows": 1017,
    "test_rows": 436,
    "assets": [
      "0005hkhkd",
      "0175hkhkd",
      "0386hkhkd",
      "0388hkhkd",
      "0700hkhkd",
      "0857hkhkd",
      "0883hkhkd",
      "0939hkhkd",
      "0941hkhkd",
      "0998hkhkd"
    ]
  }
}